GENE_SYMBOL	DRUG_NAME	dbSNP_ID
MTHFR	oxaliplatin	rs1801131
MTHFR	Vitamin B-complex, Incl. Combinations	rs1801131
MTHFR	methotrexate	rs1801131
MTHFR	methotrexate	rs1801131
MTHFR	methotrexate	rs1801131
MTHFR	methotrexate	rs1801131
MTHFR	methotrexate	rs1801131
C1orf167, CLCN6, MTHFR	methotrexate	rs1801131
MTHFR	fluorouracil, leucovorin, oxaliplatin	rs1801131
MTHFR	benazepril	rs1801131
MTHFR	bevacizumab, capecitabine, cisplatin, docetaxel, epirubicin, oxaliplatin, trastuzumab	rs1801133
MTHFR	disulfiram	rs1801133
MTHFR	benazepril	rs1801133
MTHFR	methotrexate	rs1801133
MTHFR	antipsychotics, chlorpromazine, clozapine, haloperidol, olanzapine, quetiapine, risperidone	rs1801133
MTHFR	methotrexate	rs1801133
MTHFR	capecitabine, fluorouracil, leucovorin, oxaliplatin	rs1801133
MTHFR	methotrexate	rs1801133
MTHFR	benazepril	rs1801133
CLCN6, MTHFR	methotrexate	rs1801133
MTHFR	methotrexate	rs1801133
MTHFR	fluorouracil, leucovorin, oxaliplatin	rs1801133
MTHFR	Vitamin B-complex, Incl. Combinations	rs1801133
MTHFR	fluorouracil	rs1801133
NPPA-AS1	bumetanide, furosemide, torasemide	rs5065
NPPA-AS1	bumetanide, furosemide, torasemide	rs5065
NPPA-AS1	bumetanide, furosemide, torasemide	rs5063
TNFRSF1B	Tumor necrosis factor alpha (TNF-alpha) inhibitors	rs1061622
TNFRSF1B	Tumor necrosis factor alpha (TNF-alpha) inhibitors	rs1061622
TNFRSF1B	infliximab	rs1061622
TNFRSF1B	adalimumab, etanercept, infliximab, ustekinumab	rs1061622
TNFRSF1B	etanercept	rs1061622
TNFRSF1B	Tumor necrosis factor alpha (TNF-alpha) inhibitors	rs1061631
CDA	cisplatin, gemcitabine	rs2072671
CDA	gemcitabine	rs2072671
SH2D5	gemcitabine	rs10916852
	peginterferon alfa-2b, ribavirin	rs7512595
OPRD1	buprenorphine	rs529520
OPRD1	buprenorphine	rs581111
OPRD1	oxycodone	rs581111
HDAC1	Corticosteroids For Systemic Use	rs1741981
HDAC1	corticosteroids	rs1741981
CMPK1	gemcitabine	rs7543016
CMPK1	cisplatin, gemcitabine	rs4492666
CMPK1	cisplatin, gemcitabine	rs11211524
CMPK1	gemcitabine	rs35687416
CMPK1	gemcitabine	rs1044457
PCSK9	hmg coa reductase inhibitors	rs11591147
USP24	rosuvastatin	rs17111584
LEPR	simvastatin	rs1137101
ERICH3	citalopram, escitalopram	rs11580409
PTGFR	latanoprost	rs3753380
PTGFR	latanoprost	rs3766355
GBP6	etanercept	rs928655
TGFBR3	antidepressants	rs12082710
F3	simvastatin	rs3917643
DPYD	fluorouracil	rs3918290
DPYD	cisplatin, fluorouracil	rs3918290
DPYD	capecitabine	rs1801159
DPYD	capecitabine, fluorouracil, tegafur / gimeracil / oteracil	rs1801159
DPYD	fluorouracil	rs1801265
SORT1	hmg coa reductase inhibitors	rs629301
CELSR2	hmg coa reductase inhibitors	rs646776
AMPD1	folic acid, methotrexate	rs17602729
AMPD1	methotrexate	rs17602729
CD58	interferon beta-1a, interferon beta-1b	rs12044852
ZNF697	interferon beta-1a, interferon beta-1b	rs10494227
FMO5	metformin	rs7541245
IL6R	tocilizumab	rs12083537
IL6R	tocilizumab	rs12083537
IL6R	tocilizumab	rs12083537
IL6R	tocilizumab	rs4845625
IL6R	sarilumab	rs4845625
IL6R	tocilizumab	rs4329505
IL6R	sarilumab	rs4329505
FDPS	Bisphosphonates	rs11264359
PEAR1	aspirin, prasugrel	rs2768759
PEAR1	ticagrelor	rs12566888
PEAR1	aspirin, clopidogrel, prasugrel	rs12041331
PEAR1	ticagrelor	rs12041331
PEAR1	ticagrelor	rs12041331
SPTA1	benazepril	rs2106089
FCER1A	desloratadine, mizolastine	rs2298805
CRP	fenofibrate	rs1417938
ATP1A2	olanzapine	rs6688363
CD84	etanercept	rs6427528
NR1I3	efavirenz, nevirapine	rs2307424
NR1I3	efavirenz, nevirapine	rs3003596
FCGR2A	adalimumab	rs1801274
FCGR2A	adalimumab, etanercept, infliximab	rs1801274
FCGR2A	Tumor necrosis factor alpha (TNF-alpha) inhibitors	rs1801274
FCGR2A	abatacept, rituximab, tocilizumab, Tumor necrosis factor alpha (TNF-alpha) inhibitors	rs1801274
FCGR2A	rituximab	rs1801274
FCGR2A	cyclophosphamide, doxorubicin, paclitaxel, trastuzumab	rs1801274
FCGR2A	Tumor necrosis factor alpha (TNF-alpha) inhibitors	rs1801274
FCGR2A	cetuximab	rs1801274
FCGR2A	infliximab	rs1801274
FCGR2A	cetuximab	rs1801274
RGS4	risperidone	rs2661319
RGS5	bevacizumab, fluorouracil, irinotecan, leucovorin	rs1056515
SELE	capecitabine, fluorouracil, leucovorin, oxaliplatin	rs3917412
FMO2	glyburide	rs7515157
PAPPA2	salbutamol	rs77977790
CFH	bevacizumab	rs800292
CFH	ranibizumab	rs1061170
CFH	bevacizumab, ranibizumab	rs1061170
CFH	bevacizumab	rs1061170
CFH	Photodynamic therapy	rs1061170
PTPRC	adalimumab, etanercept, infliximab	rs10919563
ADORA1	caffeine	rs16851030
MDM4	docetaxel, epirubicin	rs1563828
IL10	etanercept	rs1800896
AGT	benazepril	rs7079
AGT	benazepril	rs7079
AGT	benazepril	rs7079
AGT	atenolol	rs699
AGT	irbesartan	rs699
AGT	quinapril	rs699
AGT	irbesartan	rs699
AGT	benazepril	rs699
AGT	atenolol, irbesartan	rs4762
AGT	benazepril	rs4762
AGT	benazepril	rs4762
AGT	atenolol	rs5051
AGT	atenolol	rs5051
AGT	benazepril, imidapril	rs5051
MTR	folic acid, hydroxychloroquine, methotrexate, sulfasalazine	rs1805087
MTR	benazepril	rs1805087
MTR	methotrexate	rs1805087
EXO1	pemetrexed	rs1047840
NLRP3	etanercept, infliximab	rs4612666
RRM2	cladribine, cytarabine	rs1130609
RRM2	cladribine, cytarabine	rs5030743
LPIN1	rosiglitazone	rs10192566
APOB	irbesartan	rs1801701
APOB	fenofibrate	rs676210
APOB	irbesartan	rs1367117
GALNT14	cisplatin, fluorouracil, mitoxantrone	rs12999804
GALNT14	cisplatin, fluorouracil, mitoxantrone	rs10209881
GALNT14	cisplatin, fluorouracil, mitoxantrone	rs6752303
GALNT14	cisplatin, fluorouracil, mitoxantrone	rs9679162
GALNT14	sorafenib	rs9679162
GALNT14	cisplatin, fluorouracil	rs9679162
GALNT14	cisplatin, fluorouracil, mitoxantrone	rs9679162
GALNT14	cisplatin, fluorouracil, mitoxantrone	rs5009910
GALNT14	cisplatin, fluorouracil, mitoxantrone	rs12613732
GALNT14	cisplatin, fluorouracil, mitoxantrone	rs7608731
SRD5A2	abiraterone	rs523349
CYP1B1	codeine, tramadol	rs1056836
CYP1B1	cyclophosphamide, epirubicin, fluorouracil	rs1056836
PRKCE	donepezil, galantamine, rivastigmine	rs6720975
PRKCE	perphenazine	rs2278773
NRXN1	antipsychotics	rs12467557
NRXN1	antipsychotics	rs10490162
BCL11A	hydroxyurea	rs1427407
BCL11A	hydroxyurea	rs766432
BCL11A	hydroxyurea	rs4671393
CTNNA2	Tumor necrosis factor alpha (TNF-alpha) inhibitors	rs11126740
REV1	cisplatin	rs3087403
SULT1C3	candesartan	rs6722745
BCL2L11	imatinib	rs724710
IL1B	infliximab	rs1143634
IL1B	Tumor necrosis factor alpha (TNF-alpha) inhibitors, ustekinumab	rs1143627
IL1B	lansoprazole, omeprazole, rabeprazole	rs16944
IL1B	lansoprazole, omeprazole, rabeprazole	rs16944
IL1B	Tumor necrosis factor alpha (TNF-alpha) inhibitors	rs4848306
IL1RN	Tumor necrosis factor alpha (TNF-alpha) inhibitors	rs4251961
ERCC3	Platinum compounds	rs3738948
MGAT5	ursodeoxycholic acid	rs661899
SPOPL	olanzapine	rs10170310
LRP1B	risperidone	rs874295
CACNB4	antipsychotics	rs3768652
PSMD14	risperidone	rs9713
	metoprolol	rs1446468
SCN2A	carbamazepine, phenobarbital, phenytoin, valproic acid	rs17183814
SCN1A	antiepileptics	rs10188577
CERS6	adalimumab, certolizumab pegol, etanercept, infliximab, Tumor necrosis factor alpha (TNF-alpha) inhibitors	rs13393173
ZNF804A	antipsychotics	rs1344706
CALCRL	erenumab	rs6710852
STAT4	etanercept	rs7574865
STAT4	ustekinumab	rs7574865
TMEFF2	risperidone	rs3738883
AOX1	azathioprine	rs55754655
CREB1	antidepressants	rs889895
	opioids	rs2952768
ATIC	methotrexate	rs2372536
ATIC	methotrexate	rs2372536
ATIC	folic acid, methotrexate	rs2372536
ATIC	methotrexate	rs12995526
ATG16L1	adalimumab	rs10210302
UGT1A9	oxcarbazepine	rs2741049
UGT1A6	deferiprone	rs6759892
UGT1A6	deferiprone	rs2070959
UGT1A6	deferiprone	rs2070959
UGT1A9	simvastatin	rs12052787
UGT1A9	simvastatin	rs2003569
UGT1A1	deferasirox	rs887829
UGT1A1	cisplatin, irinotecan	rs4148323
AGAP1	risperidone	rs1869295
RAMP1	erenumab	rs12465864
RAMP1	erenumab	rs13386048
RAMP1	erenumab	rs6431564
CAPN10	metformin	rs3792269
CNTN4	ziprasidone	rs17194378
	duloxetine	rs2933304
PPARG	pioglitazone	rs1801282
PPARG	rosiglitazone	rs1801282
GADL1	lithium	rs17026688
MOBP	creatine	rs616147
SCAP	rosuvastatin	rs12487736
SCAP	simvastatin	rs12487736
RHOA	pravastatin, simvastatin	rs11716445
TLR9	adalimumab, etanercept, infliximab, Tumor necrosis factor alpha (TNF-alpha) inhibitors	rs352139
TLR9	Tumor necrosis factor alpha (TNF-alpha) inhibitors	rs352139
TLR9	Tumor necrosis factor alpha (TNF-alpha) inhibitors	rs352139
ITIH3	clozapine	rs2535629
CACNA2D3	antipsychotics	rs7427395
	peginterferon alfa-2b, ribavirin	rs6806020
FHIT	interferon beta-1a, interferon beta-1b	rs760316
CFAP44	hmg coa reductase inhibitors	rs13064411
DRD3	duloxetine	rs167770
DRD3	duloxetine	rs324023
DRD3	paroxetine	rs6280
DRD3	risperidone	rs6280
DRD3	clozapine	rs6280
DRD3	methylphenidate	rs6280
DRD3	pramipexole	rs6280
DRD3	antipsychotics	rs6280
DRD3	duloxetine	rs324026
DRD3	olanzapine	rs324026
NR1I2	pazopanib	rs3814055
NR1I2	efavirenz, nevirapine	rs1523127
NR1I2	corticosteroids	rs3842689
GSK3B	lithium	rs6438552
GSK3B	citalopram, fluoxetine	rs334558
SLC9A9	fentanyl, remifentanil	rs4839603
AGTR1	benazepril	rs2640543
AGTR1	perindopril	rs5182
AGTR1	captopril	rs5186
AGTR1	losartan	rs5186
AGTR1	irbesartan	rs5186
AGTR1	nitrendipine	rs5186
AGTR1	perindopril	rs5186
AGTR1	losartan	rs5186
AGTR1	angiotensin II	rs5186
AGTR1	candesartan	rs5186
AGTR1	candesartan	rs5186
AGTR1	losartan	rs5186
P2RY12	clopidogrel	rs6809699
P2RY12	clopidogrel	rs6809699
P2RY12	clopidogrel	rs6785930
P2RY12	clopidogrel	rs2046934
BCHE	donepezil	rs1803274
BCHE	rivastigmine	rs1803274
BCHE	rivastigmine	rs1803274
BCHE	memantine, rivastigmine	rs1803274
BCHE	rivastigmine	rs1803274
SLC2A2	metformin	rs8192675
KCNMB2	ritodrine	rs7624046
ADIPOQ	pioglitazone	rs2241766
ADD1	bumetanide, furosemide, torasemide	rs4961
ADD1	hydrochlorothiazide	rs4961
GRK4	atenolol	rs2960306
GRK4	metoprolol	rs2960306
GRK4	atenolol	rs1024323
GRK4	metoprolol	rs1024323
GRK4	metoprolol	rs1801058
KDR	carfilzomib, dexamethasone, lenalidomide	rs1870377
KDR	clopidogrel	rs2305948
KDR	carfilzomib, dexamethasone, lenalidomide	rs2305948
KDR	ranibizumab	rs2071559
ADGRL3	methylphenidate	rs1355368
UGT2B7	cannabinoids	rs7438135
DCK	cytarabine, idarubicin	rs80143932
DCK	cytarabine, idarubicin	rs2306744
GC	deferasirox	rs7041
CXCL8	ranibizumab	rs4073
CXCL8	bevacizumab	rs4073
CXCL8	bevacizumab, cyclophosphamide	rs4073
CXCL5	hmg coa reductase inhibitors	rs352046
AREG	cetuximab, panitumumab	rs1353295
AREG	cetuximab, panitumumab	rs13104811
AREG	cetuximab, panitumumab	rs9996584
AREG	cetuximab, panitumumab	rs11942466
AREG	capecitabine, radiotherapy	rs11942466
CXCL10	peginterferon alfa-2a, peginterferon alfa-2b	rs56061981
ABCG2	imatinib	rs12505410
ABCG2	imatinib	rs12505410
ABCG2	imatinib	rs12505410
ABCG2	methotrexate	rs13120400
ABCG2	imatinib	rs13120400
ABCG2	rosuvastatin	rs1481012
ABCG2	allopurinol	rs2231142
ABCG2	Opioid anesthetics, Other general anesthetics, volatile anesthetics	rs2231142
ABCG2	rosuvastatin	rs2231142
ABCG2	allopurinol	rs2231142
ABCG2	allopurinol	rs2231142
ABCG2	allopurinol	rs2231142
ABCG2	sulfasalazine	rs2231142
ABCG2	antineoplastic agents	rs2231142
ABCG2	hmg coa reductase inhibitors	rs2231142
ABCG2	imatinib	rs2231142
ABCG2	iguratimod	rs2231142
ABCG2	rosuvastatin	rs2231142
ABCG2	methotrexate	rs17731538
ABCG2	imatinib	rs2725252
ABCG2	imatinib	rs2725252
ABCG2	imatinib	rs2725252
ADH1A	cytarabine, fludarabine, gemtuzumab ozogamicin, idarubicin	rs6811453
ADH1A	cytarabine, fludarabine, gemtuzumab ozogamicin, idarubicin	rs1826909
MTTP	atorvastatin	rs1800591
NFKB1	flupenthixol	rs3774959
IL2	rituximab	rs6822844
IL2	rituximab	rs6822844
MAML3	perphenazine	rs11100483
NR3C2	enalapril	rs5522
TLR2	Tumor necrosis factor alpha (TNF-alpha) inhibitors	rs4696480
TLR2	Tumor necrosis factor alpha (TNF-alpha) inhibitors	rs4696480
TLR2	Tumor necrosis factor alpha (TNF-alpha) inhibitors	rs1816702
TLR2	adalimumab, infliximab	rs3804099
TLR2	Tumor necrosis factor alpha (TNF-alpha) inhibitors	rs3804099
TLR3	Measles vaccines	rs3775291
SLC6A3	methylphenidate	rs2550948
TENT4A	gemcitabine	rs274713
MTRR	methotrexate	rs1801394
FASTKD3, MTRR	methotrexate	rs1801394
MTRR	methotrexate	rs1801394
GDNF	paroxetine	rs2973049
GDNF	paroxetine	rs2216711
PDE4D	quetiapine	rs17382202
HTR1A	fluvoxamine, milnacipran, paroxetine	rs1364043
HTR1A	lurasidone	rs6295
HTR1A	fluvoxamine, milnacipran, paroxetine	rs6295
HTR1A	fluoxetine	rs6295
HTR1A	milnacipran	rs6295
HTR1A	clozapine	rs6295
HTR1A	amisulpride, antipsychotics, olanzapine, quetiapine, risperidone	rs10042486
HTR1A	fluvoxamine, milnacipran, paroxetine	rs10042486
HMGCR	atorvastatin	rs17671591
HMGCR	hmg coa reductase inhibitors	rs3846662
SV2C	olanzapine	rs11960832
	methotrexate	rs1232027
XRCC4	fluorouracil, Platinum compounds, radiotherapy	rs2075685
SRP19	citalopram, fluoxetine, paroxetine, sertraline	rs495794
REEP5	citalopram, fluoxetine, paroxetine, sertraline	rs153549
REEP5	citalopram, fluoxetine, paroxetine, sertraline	rs153560
SLC22A4	imatinib	rs1050152
SLC22A4	ustekinumab	rs1050152
SLC22A4	imatinib	rs1050152
SLC22A4	imatinib	rs1050152
SLC22A5	imatinib	rs2631372
SLC22A5	imatinib	rs2631367
C5orf56	hydrochlorothiazide	rs12521868
IL13	Hepatitis vaccines	rs1295686
IL13	ustekinumab	rs848
SPINK5	glyburide	rs2303070
ADRB2	ramipril	rs2053044
ADRB2	salmeterol	rs1042713
ADRB2	salmeterol	rs1042713
ADRB2	Beta Blocking Agents	rs1042713
ADRB2	tiotropium	rs1042713
ADRB2	methacholine	rs1042713
ADRB2	salmeterol	rs1042713
ADRB2	propranolol	rs1042713
ADRB2	corticosteroids, selective beta-2-adrenoreceptor agonists	rs1042713
ADRB2	benazepril	rs1042713
ADRB2	atenolol, metoprolol	rs1042713
ADRB2	dexmedetomidine	rs1042713
ADRB2	carvedilol	rs1042714
ADRB2	atenolol, metoprolol	rs1042714
ADRB2	atenolol, enalapril	rs1042714
ADRB2	enalapril	rs1042714
ADRB2	atenolol	rs1042714
ADRB2	terbutaline	rs1800888
IL12B	ustekinumab	rs3213094
IL12B	Tumor necrosis factor alpha (TNF-alpha) inhibitors	rs2546890
IL12B	etanercept	rs2546890
IL12B	adalimumab, infliximab	rs2546890
PTTG1	etanercept	rs2431697
GABRA1	carbamazepine	rs2290732
DRD1	fentanyl	rs966775
DRD1	clozapine	rs265976
DRD1	methylphenidate	rs4867798
DRD1	clozapine	rs686
DRD1	methylphenidate	rs5326
F13A1	Photodynamic therapy	rs5985
MYLIP	atorvastatin	rs9370867
TPMT	mercaptopurine	rs1142345
CDKAL1	Dipeptidyl peptidase 4 (DPP-4) inhibitors	rs7754840
CDKAL1	Dipeptidyl peptidase 4 (DPP-4) inhibitors	rs7756992
CDKAL1	Tumor necrosis factor alpha (TNF-alpha) inhibitors	rs6908425
	peginterferon alfa-2b, ribavirin	rs2066911
ALDH5A1	methadone	rs2760118
	lithium	rs6942227
	salbutamol	rs116551936
HLA-G	capecitabine, fluorouracil	rs9380142
PSORS1C1	etanercept	rs2233945
HLA-C	Tumor necrosis factor alpha (TNF-alpha) inhibitors	rs12191877
HLA-B	etanercept	rs13437088
MICB	peginterferon alfa-2a, peginterferon alfa-2b, ribavirin	rs3828913
TNF	Tumor necrosis factor alpha (TNF-alpha) inhibitors	rs1799964
TNF	Tumor necrosis factor alpha (TNF-alpha) inhibitors	rs1799724
TNF	etanercept	rs1799724
TNF	Tumor necrosis factor alpha (TNF-alpha) inhibitors	rs1799724
TNF	Tumor necrosis factor alpha (TNF-alpha) inhibitors	rs1799724
TNF	adalimumab	rs1799724
TNF	Tumor necrosis factor alpha (TNF-alpha) inhibitors	rs1799724
TNF	Tumor necrosis factor alpha (TNF-alpha) inhibitors	rs1799724
TNF	etanercept	rs1800629
TNF	etanercept	rs1800629
TNF	adalimumab	rs1800629
TNF	infliximab	rs1800629
TNF	adalimumab, etanercept, infliximab	rs1800629
TNF	adalimumab, infliximab	rs1800629
TNF	infliximab	rs1800629
TNF	etanercept	rs1800629
TNF	Tumor necrosis factor alpha (TNF-alpha) inhibitors	rs1800629
TNF	adalimumab, etanercept, infliximab, Tumor necrosis factor alpha (TNF-alpha) inhibitors	rs1800629
TNF	etanercept, infliximab, Tumor necrosis factor alpha (TNF-alpha) inhibitors	rs1800629
TNF	adalimumab	rs1800629
TNF	Tumor necrosis factor alpha (TNF-alpha) inhibitors	rs1800629
TNF	adalimumab, etanercept, infliximab	rs1800629
TNF	Tumor necrosis factor alpha (TNF-alpha) inhibitors	rs1800629
TNF	adalimumab, certolizumab pegol, golimumab, infliximab	rs1800629
TNF	Antiinflammatory agents, non-steroids	rs1800629
TNF	infliximab	rs361525
TNF	Tumor necrosis factor alpha (TNF-alpha) inhibitors	rs361525
TNF	adalimumab	rs361525
TNF	Tumor necrosis factor alpha (TNF-alpha) inhibitors	rs361525
	lithium	rs209474
HLA-DPA1	peginterferon alfa-2b	rs3077
PPARD	docetaxel, thalidomide	rs6922548
PPARD	docetaxel, thalidomide	rs1883322
PPARD	docetaxel, thalidomide	rs2016520
PPARD	docetaxel, thalidomide	rs3734254
FKBP5	antidepressants	rs3800373
FKBP5	antidepressants	rs3800373
FKBP5	antidepressants	rs3800373
FKBP5	antidepressants	rs1360780
FKBP5	antidepressants	rs1360780
FKBP5	antidepressants	rs1360780
KIF6	atorvastatin, pravastatin	rs9471077
KIF6	atorvastatin, pravastatin	rs9462535
	cisplatin, fluorouracil, mitoxantrone	rs6458232
VEGFA	cetuximab	rs144854329
VEGFA	carfilzomib, dexamethasone, lenalidomide	rs833061
VEGFA	cetuximab	rs833061
VEGFA	pazopanib	rs833061
VEGFA	cetuximab	rs1570360
VEGFA	docetaxel	rs1570360
VEGFA	bevacizumab, irinotecan	rs1570360
VEGFA	sildenafil	rs1570360
VEGFA	pazopanib	rs2010963
VEGFA	bevacizumab, pegaptanib, ranibizumab	rs2010963
VEGFA	capecitabine, oxaliplatin	rs2010963
VEGFA	adalimumab	rs25648
VEGFA	cisplatin, fluorouracil, oxaliplatin	rs25648
VEGFA	ranibizumab	rs833069
VEGFA	bevacizumab, ranibizumab	rs3025000
VEGFA	bevacizumab, ranibizumab	rs3025000
VEGFA	bevacizumab, capecitabine, fluorouracil, irinotecan, leucovorin, oxaliplatin	rs3025039
VEGFA	carboplatin, taxanes	rs9369421
SLC29A1	tipiracil hydrochloride, trifluridine	rs9394992
CDC5L	gemcitabine	rs992160
IL17A	Tumor necrosis factor alpha (TNF-alpha) inhibitors	rs2275913
IL17F	infliximab	rs763780
IL17F	adalimumab	rs763780
IL17F	ustekinumab	rs763780
BMP5	escitalopram	rs41271330
	peginterferon alfa-2b, ribavirin	rs7750468
ARG1	selective beta-2-adrenoreceptor agonists	rs2781659
TAAR6	corticosteroids	rs7772821
TNFAIP3	Tumor necrosis factor alpha (TNF-alpha) inhibitors	rs6920220
TNFAIP3	adalimumab	rs2230926
TNFAIP3	Tumor necrosis factor alpha (TNF-alpha) inhibitors	rs610604
PLAGL1	olanzapine	rs2247408
ESR1	leflunomide	rs2234693
ESR1	leflunomide	rs9340799
OPRM1	acetaminophen, tramadol	rs1799971
OPRM1	fentanyl	rs1799971
OPRM1	Opioid anesthetics, Other general anesthetics, volatile anesthetics	rs1799971
OPRM1	tramadol	rs1799971
OPRM1	ethanol	rs1799971
OPRM1	morphine	rs1799971
OPRM1	naltrexone	rs1799971
OPRM1	morphine	rs1799971
OPRM1	naltrexone	rs1799971
OPRM1	nicotine	rs1799971
OPRM1	opioids	rs1799971
OPRM1	oxycodone	rs1799971
OPRM1	naltrexone	rs1799971
OPRM1	ethanol	rs1799971
OPRM1	methadone	rs10485058
IGF2R	salbutamol	rs8191725
SLC22A1	metformin	rs628031
SLC22A1	imatinib	rs628031
SLC22A1	metformin	rs622342
SLC22A1	metformin	rs622342
SLC22A1	metformin	rs622342
SLC22A2	metformin	rs316019
SLC22A3	metformin	rs2076828
LPA	hmg coa reductase inhibitors	rs10455872
LPA	rosuvastatin	rs10455872
LPA	hmg coa reductase inhibitors	rs10455872
GLCCI1	glucocorticoids	rs37973
GLCCI1	corticosteroids	rs37973
RAPGEF5	antidepressants	rs16873129
IL6	peginterferon alfa-2a	rs1800797
IL6	peginterferon alfa-2a	rs1800796
IL6	adalimumab, etanercept, infliximab	rs1800795
IL6	peginterferon alfa-2a	rs1800795
IL6	fenofibrate	rs1800795
IL6	Tumor necrosis factor alpha (TNF-alpha) inhibitors	rs1800795
CRHR2	citalopram	rs2270007
CRHR2	salbutamol	rs73294475
CRHR2	salbutamol	rs2267715
CRHR2	salbutamol	rs2284220
CRHR2	salbutamol, selective beta-2-adrenoreceptor agonists	rs7793837
CRHR2	salbutamol, selective beta-2-adrenoreceptor agonists	rs7793837
CRHR2	salbutamol	rs255100
	adrenergics, inhalants	rs34548976
NPC1L1	hmg coa reductase inhibitors	rs2072183
EGFR	fluorouracil	rs2293347
POR	atorvastatin	rs1057868
GRM3	risperidone	rs2299214
GRM3	antipsychotics	rs2299214
GRM3	risperidone	rs724226
GRM3	antipsychotics	rs6465084
ABCB1	clozapine	rs7787082
ABCB1	clozapine	rs10248420
ABCB1	fluvastatin	rs1922242
ABCB1	fentanyl	rs1128503
ABCB1	glucocorticoids	rs1128503
ABCB1	antipsychotics	rs1128503
ABCB1	tacrolimus	rs1128503
ABCB1	clopidogrel	rs1128503
ABCB1	risperidone	rs1128503
ABCB1	rocuronium	rs1128503
ABCB1	propofol, remifentanil	rs1128503
ABCB1	simvastatin	rs1128503
ABCB1	remifentanil, sevoflurane	rs1128503
ABCB1	tacrolimus	rs1128503
ABCB1	modafinil	rs1128503
ABCB1	methotrexate	rs1128503
ABCB1	imatinib	rs1128503
ABCB1	imatinib	rs1128503
ABCB1	risperidone	rs1128503
ABCB1	valproic acid	rs1128503
PON1	simvastatin	rs662
PON1	epirubicin, fluorouracil, oxaliplatin	rs662
CYP3A5	atorvastatin	rs17161788
CYP3A5	atorvastatin, lovastatin, simvastatin	rs776746
CYP3A5	atorvastatin	rs776746
CYP3A5	imatinib	rs776746
CYP3A5	clopidogrel	rs776746
CYP3A5	atorvastatin	rs776746
CYP3A5	docetaxel, paclitaxel	rs776746
CYP3A5	rosuvastatin	rs776746
CYP3A4	fluvastatin	rs4986910
CYP3A4	sufentanil	rs2242480
CYP3A4	fentanyl	rs2242480
CYP3A4	atorvastatin	rs2242480
CYP3A4	atorvastatin	rs2242480
CYP3A4	atorvastatin	rs2242480
CYP3A4	imatinib	rs28371759
CYP3A4	cyclosporine	rs4646437
CYP3A4	amlodipine	rs2246709
CYP3A4	carbamazepine, lamotrigine, phenytoin, primidone, valproic acid	rs2687116
CYP3A4	alprazolam	rs35599367
CYP3A, CYP3A4	diazepam	rs35599367
CYP3A4	simvastatin	rs35599367
CYP3A4	amlodipine	rs2740574
CYP3A4	buprenorphine	rs2740574
CYP3A4	lumefantrine	rs2740574
CYP3A4	carbamazepine, lamotrigine, phenytoin, primidone, valproic acid	rs2740574
ACHE	rivastigmine	rs2571598
SERPINE1	citalopram, fluoxetine	rs2227631
KMT2E	duloxetine	rs117986340
CFTR	ivacaftor	rs78655421
CFTR	ivacaftor	rs78655421
CFTR	ivacaftor	rs78655421
CFTR	ivacaftor	rs121909005
CFTR	ivacaftor	rs121909005
CHRM2	fluticasone/salmeterol	rs8191992
CHRM2	fluticasone/salmeterol	rs6962027
CHRM2	fluticasone/salmeterol	rs6962027
AOC1	cannabidiol	rs12539
NOS3	sildenafil	rs2070744
NOS3	enalapril	rs2070744
PRKAG2	hydrochlorothiazide	rs10224002
CSMD1	olanzapine	rs17070785
MCPH1	perphenazine	rs17570753
	perphenazine	rs11774231
NAT2	iguratimod	rs1495741
LPL	fenofibrate	rs320
LPL	pravastatin	rs328
SLC39A14	nortriptyline	rs17060812
ADRA1A	disulfiram	rs1048101
ADRA1A	nifedipine	rs1048101
LYN	ziprasidone	rs1546519
CYP7A1	atorvastatin	rs3808607
GGH	methotrexate	rs11545077
GGH	methotrexate	rs3758149
GGH	methotrexate	rs3758149
RRM2B	cladribine, cytarabine	rs1265138
SLC30A8	insulin recombinant, zinc acetate	rs13266634
SLC30A8	repaglinide	rs13266634
	Platinum compounds	rs6983267
PVT1	glatiramer acetate	rs2114358
CYP11B2	benazepril, imidapril	rs1799998
CYP11B2	candesartan	rs1799998
GLDC	citalopram, escitalopram	rs10975641
	atenolol	rs10739150
PTPRD	pioglitazone	rs17584499
PTPRD	trandolapril, verapamil	rs4742610
	atenolol	rs12346562
	hydrochlorothiazide	rs12346562
MLLT3	montelukast	rs6475448
C9orf72	ustekinumab	rs774359
ALDH1A1	cyclophosphamide, doxorubicin	rs6151031
NTRK2	clozapine	rs10465180
	lithium, valproic acid	rs2769605
TUT7	peginterferon alfa-2b, ribavirin	rs17461620
	"""diuretics"", ""hydrochlorothiazide"", ""Thiazides, plain"""	rs238
XPA	Platinum compounds	rs1800975
ABCA1	fenofibrate	rs2230808
ABCA1	fenofibrate	rs2230806
ABCA1	fenofibrate	rs2230806
ABCA1	atorvastatin, rosuvastatin, simvastatin	rs2230806
	clopidogrel	rs2487032
TLR4	Pertussis vaccines	rs2770150
TLR4	Tumor necrosis factor alpha (TNF-alpha) inhibitors	rs5030728
TLR4	Pertussis vaccines	rs4986790
TLR4	prednisolone	rs4986790
TLR4	prednisolone	rs4986791
CNPY4	Tumor necrosis factor alpha (TNF-alpha) inhibitors	rs1554973
TRAF1	Tumor necrosis factor alpha (TNF-alpha) inhibitors	rs3761847
HSPA5	Platinum compounds	rs430397
FPGS	methotrexate	rs1544105
FPGS	methotrexate	rs1544105
ASS1	hydroxyurea	rs10901080
DBH	naltrexone	rs1611115
DBH	disulfiram	rs1611115
DBH	levodopa	rs1611115
GATA3	prednisolone	rs3824662
CACNB2	antipsychotics	rs982003
	fluticasone propionate, montelukast	rs1786929
CTNNA3	antidepressants	rs10997242
CHST3	docetaxel, thalidomide	rs4148947
CHST3	docetaxel, thalidomide	rs4148950
CHST3	docetaxel, thalidomide	rs1871450
CHST3	docetaxel, thalidomide	rs12418
KCNMA1	quetiapine	rs35793
PLCE1	hydrochlorothiazide	rs932764
CYP2C19	diazepam	rs12248560
CYP2C19	clopidogrel	rs12248560
CYP2C19	phenazepam	rs12248560
CYP2C19	clopidogrel	rs4986893
CYP2C19	clopidogrel	rs4986893
CYP2C19	clopidogrel	rs4986893
CYP2C19	aspirin, clopidogrel	rs4244285
CYP2C19	aspirin, clopidogrel	rs4244285
CYP2C19	clopidogrel	rs4244285
CYP2C19	clopidogrel	rs4244285
CYP2C19	citalopram	rs4244285
CYP2C19	diazepam	rs4244285
CYP2C19	clopidogrel	rs4244285
CYP2C19	clopidogrel	rs4244285
CYP2C19	clopidogrel	rs4244285
CYP2C19	clopidogrel	rs4244285
CYP2C19	clopidogrel	rs4244285
CYP2C19	cyclophosphamide	rs4244285
CYP2C19	cyclophosphamide, doxorubicin	rs4244285
CYP2C19	aspirin, clopidogrel	rs4244285
CYP2C19	clopidogrel	rs4244285
CYP2C19	clopidogrel, prasugrel, ticagrelor	rs4244285
CYP2C9	ketoprofen	rs1799853
CYP2C9	irbesartan	rs1799853
CYP2C9	sulfonamides, urea derivatives	rs1799853
CYP2C9	ketoprofen	rs1057910
CYP2C9	sulfonamides, urea derivatives	rs1057910
ABCC2	lacosamide	rs717620
ABCC2	clopidogrel	rs717620
ABCC2	cisplatin, doxorubicin, methotrexate	rs717620
ABCC2	tamoxifen	rs717620
ABCC2	simvastatin	rs717620
ABCC2	antiepileptics	rs717620
ABCC2	atorvastatin	rs717620
ABCC2	atorvastatin, simvastatin	rs717620
ABCC2	antiepileptics	rs717620
ABCC2	antiepileptics	rs3740066
STN1	atenolol	rs4387287
ADRA2A	methylphenidate	rs1800544
ADRA2A	methylphenidate	rs1800544
ADRA2A	methylphenidate	rs1800544
ADRA2A	methylphenidate	rs1800544
ADRA2A	methylphenidate	rs1800544
ADRA2A	methylphenidate	rs1800544
ADRA2A	Selective serotonin reuptake inhibitors	rs1800544
ADRA2A	milnacipran	rs1800544
ADRA2A	atenolol	rs1800545
TCF7L2	sulfonamides, urea derivatives	rs7903146
TCF7L2	glipizide	rs7903146
TCF7L2	metformin	rs7903146
TCF7L2	sulfonamides, urea derivatives	rs12255372
TCF7L2	repaglinide	rs290487
CASP7	paclitaxel, Platinum compounds	rs12415607
CASP7	docetaxel, gemcitabine, paclitaxel, Platinum compounds, vinorelbine	rs12415607
CASP7	docetaxel, gemcitabine, paclitaxel, Platinum compounds, vinorelbine	rs7921977
CASP7	paclitaxel, Platinum compounds	rs2227310
CASP7	docetaxel, gemcitabine, paclitaxel, Platinum compounds, vinorelbine	rs2227310
CASP7	paclitaxel, Platinum compounds	rs4353229
CASP7	docetaxel, gemcitabine, paclitaxel, Platinum compounds, vinorelbine	rs4353229
CASP7	paclitaxel, Platinum compounds	rs1127687
CASP7	gemcitabine, Platinum compounds	rs1127687
ADRB1	atenolol	rs1801253
ADRB1	Beta Blocking Agents, flecainide	rs1801253
ADRB1	dobutamine	rs1801253
ADRB1	metoprolol	rs1801253
ADRB1	Beta Blocking Agents	rs1801253
ADRB1	carvedilol	rs1801253
ADRB1	bucindolol	rs1801253
ADRB1	metoprolol	rs1801253
ADRB1	metoprolol	rs1801253
ADRB1	dobutamine	rs1801253
ADRB1	dobutamine	rs1801253
ADRB1	atenolol, carvedilol, diltiazem, metoprolol, verapamil	rs1801253
ADRB1	metoprolol	rs1801253
GRK5	Beta Blocking Agents	rs4752292
GRK5	Beta Blocking Agents	rs10787959
ARMS2	bevacizumab	rs10490924
ARMS2	bevacizumab	rs10490924
	peginterferon alfa-2b, ribavirin	rs1931704
KCNQ1	repaglinide	rs2237892
KCNQ1	exenatide	rs163184
KCNQ1	repaglinide	rs2237895
KCNQ1	gliclazide	rs2237897
RRM1	cladribine, cytarabine	rs2898950
RRM1	cladribine, cytarabine	rs1561876
RRM1	gemcitabine	rs11030918
RRM1	carboplatin, gemcitabine	rs12806698
RRM1	gemcitabine	rs12806698
RRM1	cisplatin, gemcitabine	rs2284449
RRM1	cisplatin, gemcitabine	rs232043
RRM1	cisplatin, gemcitabine	rs720106
RRM1	gemcitabine	rs9937
OR52J3	lithium	rs2499984
ADM	paroxetine	rs11042725
GALNT18	cisplatin	rs7937567
	salbutamol	rs77149876
CALCA	botulinum toxin type a	rs3781719
KCNJ11	sulfonamides, urea derivatives	rs5219
KCNJ11	gliclazide	rs5219
KCNJ11	repaglinide	rs5219
BDNF-AS	antipsychotics	rs10501087
BDNF	citalopram	rs7124442
BDNF	paroxetine	rs6265
BDNF	citalopram	rs6265
BDNF	antipsychotics	rs6265
BDNF	methylphenidate	rs6265
BDNF	paroxetine	rs6265
BDNF	antidepressants	rs6265
BDNF	olanzapine	rs6265
BDNF	antipsychotics	rs11030104
BDNF	citalopram	rs7103411
BDNF, BDNF-AS	methadone	rs1967554
BDNF, BDNF-AS	methadone	rs11030118
BDNF	methadone	rs2030324
BDNF	methadone	rs11030119
CNTF, ZFP91-CNTF	iloperidone	rs1800169
MALAT1	Platinum compounds	rs619586
GSTP1	cisplatin, doxorubicin, methotrexate	rs1695
GSTP1	nilotinib	rs1695
GSTP1	dimethyl fumarate	rs1695
GSTP1	anthracyclines and related substances	rs1695
GSTP1	fluorouracil, oxaliplatin	rs1695
GSTP1	cyclophosphamide, epirubicin	rs1695
GSTP1	cyclophosphamide, epirubicin, fluorouracil	rs1695
GAL	antidepressants, benzodiazepine derivatives, mirtazapine, Selective serotonin reuptake inhibitors	rs948854
FOLR3	pemetrexed	rs61734430
SLCO2B1	rosuvastatin	rs12422149
GPR83	candesartan	rs3758785
GPR83	hydrochlorothiazide	rs3758785
	salbutamol	rs74973995
CASP1	peginterferon alfa-2b, ribavirin	rs568910
CARD16	peginterferon alfa-2b, ribavirin	rs1503391
CARD16	peginterferon alfa-2b, ribavirin	rs1792774
ATM	metformin	rs11212617
IL18	"""interferon alfa-2a, recombinant"", ""interferon alfa-2b, recombinant"", ""interferons"", ""peginterferon alfa-2a"", ""peginterferon alfa-2b"", ""ribavirin"""	rs187238
IL18	Tumor necrosis factor alpha (TNF-alpha) inhibitors	rs1946518
IL18	"""interferon alfa-2a, recombinant"", ""interferon alfa-2b, recombinant"", ""interferons"", ""peginterferon alfa-2a"", ""peginterferon alfa-2b"", ""ribavirin"""	rs1946518
ANKK1, DRD2	bupropion, naltrexone	rs1800497
ANKK1	risperidone	rs1800497
ANKK1	aripiprazole	rs1800497
ANKK1, DRD2	prochlorperazine	rs1800497
DRD2	nicotine	rs6277
DRD2	aripiprazole	rs6277
DRD2	olanzapine	rs1076560
DRD2	rasagiline	rs1076560
DRD2	rasagiline	rs2283265
DRD2	prochlorperazine	rs1079597
DRD2	amisulpride	rs1079597
DRD2	nicotine	rs1799732
DRD2	bupropion	rs1799732
DRD2	chlorpromazine	rs1799732
DRD2	antipsychotics	rs1799732
DRD2	antipsychotics	rs1799732
DRD2	risperidone	rs1799978
DRD2	haloperidol, olanzapine, perphenazine, quetiapine, risperidone	rs1799978
DRD2	clozapine	rs2514218
DRD2	aripiprazole, risperidone	rs2514218
HTR3A	clozapine	rs1150226
HTR3A	clozapine	rs1062613
HTR3A	clozapine	rs1062613
HTR3A	clozapine	rs2276302
HTR3A	clozapine	rs2276302
APOA1	fenofibrate	rs964184
APOA5	fenofibrate	rs3135506
APOA5	fenofibrate	rs3135506
APOA5	fenofibrate	rs3135506
APOA5	simvastatin	rs662799
APOA5	atorvastatin	rs662799
APOA5	rosuvastatin	rs662799
SIK3	hmg coa reductase inhibitors	rs533556
GRIK4	antidepressants	rs1954787
GRIK4	antidepressants	rs1954787
TIRAP	ustekinumab	rs8177374
CACNA1C	amlodipine, felodipine	rs2238032
CACNA1C	lacidipine, nifedipine, nitrendipine	rs2238032
CACNA1C	calcium channel blockers	rs2238032
CACNA1C	amlodipine, felodipine	rs2239128
CACNA1C	calcium channel blockers	rs2239128
CACNA1C	nimodipine	rs2239128
TNFRSF1A	Tumor necrosis factor alpha (TNF-alpha) inhibitors	rs767455
TNFRSF1A	adalimumab, etanercept, infliximab	rs767455
TNFRSF1A	adalimumab, etanercept, infliximab	rs767455
TNFRSF1A	Tumor necrosis factor alpha (TNF-alpha) inhibitors	rs4149570
GNB3	atenolol	rs2301339
GNB3	atenolol	rs2301339
GNB3	atenolol	rs2301339
GNB3	clonidine	rs5443
GNB3	atenolol	rs5443
GNB3	atenolol	rs5443
GNB3	sumatriptan	rs5443
GNB3	antidepressants	rs5443
GNB3	bumetanide, furosemide, torasemide	rs5443
GNB3	sildenafil	rs5443
GNB3	clonidine	rs5443
GNB3	sibutramine	rs5443
GNB3	hydralazine / isosorbide dinitrate	rs5443
GNB3	telmisartan	rs5443
GRIN2B	acamprosate	rs2058878
SLCO1C1	Tumor necrosis factor alpha (TNF-alpha) inhibitors	rs3794271
SLCO1C1	Tumor necrosis factor alpha (TNF-alpha) inhibitors	rs3794271
SLCO1C1	infliximab	rs3794271
SLCO1C1	etanercept	rs3794271
SLCO1C1	Tumor necrosis factor alpha (TNF-alpha) inhibitors	rs3794271
SLCO1B3	imatinib	rs4149117
SLCO1B3	imatinib	rs7311358
SLCO1B1	estrone sulfate	rs10841753
SLCO1B1	atorvastatin	rs4149036
SLCO1B1	atorvastatin	rs2306283
SLCO1B1	atorvastatin	rs2306283
SLCO1B1	capecitabine, fluorouracil, irinotecan, leucovorin	rs2306283
SLCO1B1	rocuronium	rs2306283
SLCO1B1	atorvastatin	rs2306283
SLCO1B1	simvastatin	rs4149056
SLCO1B1	pravastatin	rs4149056
SLCO1B1	pravastatin	rs4149056
SLCO1B1	simvastatin	rs4149056
SLCO1B1	simvastatin	rs4149056
SLCO1B1	rosuvastatin	rs4149056
SLCO1B1	atorvastatin	rs4149056
SLCO1B1	pravastatin	rs4149056
SLCO1B1	pravastatin	rs4149056
SLCO1B1	atorvastatin, hmg coa reductase inhibitors, pravastatin, simvastatin	rs4149056
SLCO1B1	fluvastatin	rs4149056
SLCO1B1	conjugated estrogens	rs4149056
SLCO1B1	rosiglitazone	rs4149056
SLCO1B1	simvastatin	rs4149056
SLCO1B1	fluvastatin	rs4149056
SLCO1B1	fluvastatin	rs4149056
SLCO1B1	methotrexate	rs4149056
SLCO1B1	simvastatin	rs4149056
SLCO1B1	hmg coa reductase inhibitors	rs4149056
SLCO1B1	hmg coa reductase inhibitors	rs2900478
KRAS	capecitabine, cetuximab, oxaliplatin	rs61764370
VDR	deferasirox	rs731236
VDR	amoxicillin, clarithromycin, omeprazole	rs7975232
VDR	deferasirox	rs1544410
VDR	selective beta-2-adrenoreceptor agonists	rs1540339
VDR	selective beta-2-adrenoreceptor agonists	rs2239179
ERBB3	carboplatin, docetaxel, trastuzumab	rs773123
STAT6	esomeprazole	rs1059513
CDK4	somatropin recombinant	rs2069502
CDK4	somatropin recombinant	rs2270777
CYP27B1	deferasirox	rs10877012
CYP27B1	peginterferon alfa-2b, ribavirin	rs10877012
SLC16A7	methotrexate	rs12231740
SLC16A7	methotrexate	rs3763980
IFNG	Tumor necrosis factor alpha (TNF-alpha) inhibitors	rs2430561
IFNG	Tumor necrosis factor alpha (TNF-alpha) inhibitors	rs2069705
BEST3	hydrochlorothiazide	rs61747221
LGR5	fluorouracil	rs17109924
TPH2	fluoxetine	rs4570625
TPH2	antidepressants	rs10879346
TPH2	mirtazapine, venlafaxine	rs1487278
ANKS1B	amisulpride	rs7968606
SH2B3	candesartan	rs3184504
	hydrochlorothiazide	rs11065987
ALDH2	naltrexone	rs671
ALDH2	nitroglycerin	rs671
SCARB1	atorvastatin	rs5888
HMGB1	Platinum compounds	rs1412125
	citalopram	rs585719
HTR2A	olanzapine	rs6314
HTR2A	antidepressants	rs6314
HTR2A	fluoxetine	rs7997012
HTR2A	antidepressants	rs7997012
HTR2A	antipsychotics	rs7997012
HTR2A	risperidone	rs6313
HTR2A	olanzapine	rs6313
HTR2A	olanzapine	rs6313
HTR2A	antidepressants	rs6313
HTR2A	fluoxetine	rs6313
HTR2A	antidepressants	rs6313
HTR2A	paroxetine	rs6311
HTR2A	fluvoxamine	rs6311
HTR2A	risperidone	rs6311
HTR2A	ustekinumab	rs6311
ATP7B	Platinum compounds	rs9535826
ATP7B	Platinum compounds	rs9535828
ABCC4	imatinib	rs9561765
ABCC4	latanoprost	rs11568658
NALCN	ziprasidone	rs9585618
ERCC5	platinum	rs17655
NPAS3	risperidone	rs1315115
TTC6	hydrochlorothiazide	rs177852
PPM1A	nortriptyline	rs2273623
ESR2	gemcitabine	rs944050
MTHFD1	cisplatin, doxorubicin, methotrexate	rs2236225
ARG2	Methyldopa	rs3742879
	"""diuretics"", ""hydrochlorothiazide"", ""Thiazides, plain"""	rs2776546
TDP1	irinotecan	rs2401863
SLC24A4	salbutamol	rs77441273
BDKRB2	enalapril	rs1799722
BDKRB1	perindopril	rs12050217
XRCC3	cisplatin, docetaxel, irinotecan	rs861539
XRCC3	Platinum compounds	rs861539
AKT1	risperidone	rs2494732
AKT1	carboplatin, cisplatin	rs2494752
AKT1	risperidone	rs3803300
CHRNA7	donepezil, galantamine, rivastigmine	rs6494223
CYP19A1	anastrozole, letrozole, tamoxifen	rs4646
CYP19A1	anastrozole, letrozole, tamoxifen	rs4646
CYP19A1	tamoxifen	rs4646
CYP19A1	tamoxifen	rs4646
LIPC	pravastatin	rs1800588
LIPC	simvastatin	rs1800588
LIPC	fluvastatin	rs1800588
RORA	interferon beta-1a	rs4774388
CYP1A1	antiepileptics	rs2606345
CYP1A2	nevirapine	rs762551
CSK	hydrochlorothiazide	rs1378942
ULK3	imatinib	rs2290573
CHRNA5	bupropion, nicotine, varenicline	rs2036527
CHRNA5	combination nicotine replacement therapy	rs16969968
CHRNA5	varenicline	rs16969968
CHRNA5	bupropion, nicotine, varenicline	rs16969968
CHRNA3, CHRNA5	nicotine	rs16969968
	cisplatin, fluorouracil, mitoxantrone	rs7170769
	cisplatin, fluorouracil, mitoxantrone	rs4932551
CACNA1H	lamotrigine	rs2753325
UBE2I	cisplatin, irinotecan	rs9597
ADCY9	dalcetrapib	rs1967309
ADCY9	salbutamol	rs144315541
CLEC16A	glatiramer acetate	rs6498169
	lithium	rs7405404
ERCC4	Platinum compounds	rs1799801
ABCC1	methotrexate	rs246240
ABCC1	methotrexate	rs3784864
ABCC1	methotrexate	rs35592
ABCC1	methotrexate	rs2238476
ABCC1	methotrexate	rs28364006
ABCC1	lamivudine, lopinavir, ritonavir, zidovudine	rs212091
UMOD	cyclosporine	rs12917707
IL4R	pitrakinra	rs3024530
IL4R	Hepatitis vaccines	rs1805015
IL4R	pitrakinra	rs8832
IL4R	pitrakinra	rs1029489
IL21R	peginterferon alfa-2b, ribavirin	rs3093390
VKORC1	phenprocoumon	rs2359612
VKORC1	acenocoumarol	rs9934438
VKORC1	acenocoumarol, warfarin	rs9923231
VKORC1	warfarin	rs9923231
VKORC1	warfarin	rs9923231
VKORC1	acenocoumarol	rs9923231
VKORC1	warfarin	rs9923231
FTO	"""interferon alfa-2a, recombinant"", ""interferon alfa-2b, recombinant"", ""ribavirin"""	rs9939609
MMP2	ulinastatin	rs243865
SLC6A2	venlafaxine	rs2242446
SLC6A2	atomoxetine	rs3785143
SLC6A2	atomoxetine	rs12708954
SLC6A2	methylphenidate	rs5569
SLC6A2	methylphenidate	rs5569
SLC6A2	methylphenidate	rs5569
CES1	sofosbuvir	rs4513095
CES1	clopidogrel	rs71647871
SLC12A3	bumetanide, furosemide, torasemide	rs1529927
	hmg coa reductase inhibitors	rs247616
CETP	rosuvastatin	rs708272
CETP	atorvastatin	rs708272
CETP	lovastatin	rs708272
CETP	hmg coa reductase inhibitors	rs1532624
CETP	rosuvastatin	rs5882
CETP	simvastatin	rs5882
	risperidone	rs8050896
NQO1	epirubicin, fluorouracil, oxaliplatin	rs1800566
CDH13	amphetamine	rs3784943
SLC7A5	gabapentin, pregabalin	rs4240803
SRR	metformin	rs391300
TRPV1	cannabinoids	rs8065080
TRPV1	acetaminophen	rs224534
TRPV1	botulinum toxin type a	rs222749
GP1BA	aspirin	rs6065
TP53	oxaliplatin	rs1042522
TP53	cisplatin, paclitaxel	rs1042522
TP53	capecitabine, paclitaxel	rs1042522
SHMT1	bevacizumab, fluorouracil, irinotecan, leucovorin	rs1979277
SLC47A2	metformin	rs12943590
ASIC2	lithium	rs11869731
CCL2	antipsychotics	rs4795893
CCL2	risperidone	rs4795893
CCL2	risperidone	rs2857657
CCL2	antipsychotics	rs4586
CCL2	risperidone	rs4586
ORMDL3	fluticasone propionate	rs2872507
NR1D1, THRA	lithium	rs2314339
NR1D1, THRA	lithium	rs2071427
STAT3	interferons	rs4796793
CRHR1	fluticasone propionate	rs739645
CRHR1	fluticasone propionate	rs1876829
TBX21	Tumor necrosis factor alpha (TNF-alpha) inhibitors	rs17250932
COL1A1	etidronic acid	rs1800012
CA10	fluticasone propionate, montelukast	rs967676
TANC2	calcium channel blockers	rs2429427
ACE	pravastatin	rs4341
ACE	ramipril	rs4359
PRKCA	"""diuretics"", ""hydrochlorothiazide"", ""Thiazides, plain"""	rs4791040
PRKCA	"""diuretics"", ""hydrochlorothiazide"", ""Thiazides, plain"""	rs16960228
ENOSF1	fluorouracil	rs2612091
RALBP1	bevacizumab, fluorouracil, irinotecan, leucovorin	rs329007
HRH4	risperidone	rs4483927
	lithium	rs16973410
SKOR2	perphenazine	rs9952628
NEDD4L	hydrochlorothiazide	rs75982813
NEDD4L	citalopram	rs520210
NEDD4L	hydrochlorothiazide	rs4149601
NEDD4L	Aldosterone antagonists, amiloride	rs4149601
NEDD4L	"""Beta blocking agents, selective"", ""diuretics"""	rs4149601
NEDD4L	hydrochlorothiazide	rs4149601
NEDD4L	hydrochlorothiazide	rs292449
	olanzapine	rs12610827
DOT1L	hydrochlorothiazide	rs2269879
LDLR	lovastatin	rs688
LDLR	lovastatin	rs5925
LDLR	peginterferon alfa-2a, peginterferon alfa-2b, ribavirin	rs14158
CYP4F2	aspirin, clopidogrel	rs2108622
IFNL3	peginterferon alfa-2b, ribavirin	rs12980275
IFNL3	peginterferon alfa-2a, peginterferon alfa-2b	rs12980275
IFNL3	peginterferon alfa-2a, peginterferon alfa-2b, ribavirin	rs12980275
IFNL3	peginterferon alfa-2a, peginterferon alfa-2b, ribavirin	rs12980275
IFNL3	peginterferon alfa-2a, ribavirin	rs12980275
IFNL3	peginterferon alfa-2b, ribavirin	rs8105790
IFNL3	peginterferon alfa-2a, ribavirin	rs8105790
IFNL3	peginterferon alfa-2b, ribavirin	rs4803217
IFNL3	peginterferon alfa-2a, ribavirin	rs4803217
IFNL3	peginterferon alfa-2b, ribavirin	rs11881222
IFNL3	peginterferon alfa-2a, peginterferon alfa-2b, ribavirin	rs11881222
IFNL3	peginterferon alfa-2a, ribavirin	rs11881222
IFNL3	peginterferon alfa-2b, ribavirin	rs11881222
IFNL3	peginterferon alfa-2b, ribavirin	rs28416813
IFNL3	peginterferon alfa-2a, peginterferon alfa-2b, ribavirin	rs28416813
IFNL3	peginterferon alfa-2a, ribavirin	rs28416813
IFNL3, IFNL4	peginterferon alfa-2a, peginterferon alfa-2b, ribavirin	rs12979860
IFNL3, IFNL4	peginterferon alfa-2a, peginterferon alfa-2b, ribavirin	rs12979860
IFNL3, IFNL4	peginterferon alfa-2a, peginterferon alfa-2b, ribavirin	rs12979860
IFNL3, IFNL4	peginterferon alfa-2a, ribavirin	rs12979860
IFNL3, IFNL4	peginterferon alfa-2a, peginterferon alfa-2b, ribavirin, telaprevir	rs12979860
IFNL3, IFNL4	"""interferon alfa-2a, recombinant"", ""interferon alfa-2b, recombinant"", ""ribavirin"""	rs12979860
IFNL3, IFNL4	"""interferon alfa-2a, recombinant"", ""interferon alfa-2b, recombinant"", ""ribavirin"""	rs12979860
IFNL3, IFNL4	boceprevir, peginterferon alfa-2a, peginterferon alfa-2b, ribavirin, telaprevir	rs12979860
IFNL3, IFNL4	peginterferon alfa-2a, peginterferon alfa-2b, ribavirin	rs12979860
IFNL3	daclatasvir, sofosbuvir	rs12979860
IFNL3, IFNL4	peginterferon alfa-2b, ribavirin	rs12979860
IFNL3, IFNL4	peginterferon alfa-2b, ribavirin	rs12979860
IFNL3, IFNL4	peginterferon alfa-2a, ribavirin	rs12979860
IFNL3, IFNL4	peginterferon alfa-2a, ribavirin	rs12979860
IFNL3, IFNL4	peginterferon alfa-2b, ribavirin	rs12979860
IFNL3, IFNL4	peginterferon alfa-2b, ribavirin	rs12979860
IFNL3, IFNL4	peginterferon alfa-2b, ribavirin	rs12979860
IFNL3, IFNL4	peginterferon alfa-2a, peginterferon alfa-2b	rs12979860
IFNL3, IFNL4	peginterferon alfa-2b, ribavirin	rs12979860
IFNL3, IFNL4	interferon alfa-n1, peginterferon alfa-2b, ribavirin	rs12979860
IFNL3, IFNL4	peginterferon alfa-2b, ribavirin	rs12979860
IFNL3, IFNL4	interferon alfa-n1, peginterferon alfa-2b, ribavirin	rs12979860
IFNL3, IFNL4	peginterferon alfa-2b, ribavirin	rs12979860
IFNL3, IFNL4	peginterferon alfa-2a, peginterferon alfa-2b, ribavirin, telaprevir	rs12979860
IFNL3, IFNL4	interferons, ribavirin	rs12979860
IFNL3, IFNL4	ledipasvir, sofosbuvir	rs12979860
IFNL3, IFNL4	peginterferon alfa-2b, ribavirin	rs12979860
IFNL3, IFNL4	peginterferon alfa-2b, ribavirin	rs12979860
IFNL3, IFNL4	peginterferon alfa-2b, ribavirin	rs12979860
IFNL3, IFNL4	peginterferon alfa-2b, ribavirin	rs12979860
IFNL3, IFNL4	peginterferon alfa-2a, ribavirin	rs12979860
IFNL3, IFNL4	peginterferon alfa-2a, peginterferon alfa-2b, ribavirin	rs12979860
IFNL3, IFNL4	peginterferon alfa-2a, peginterferon alfa-2b, ribavirin	rs12979860
IFNL3, IFNL4	peginterferon alfa-2a, peginterferon alfa-2b, ribavirin	rs12979860
IFNL3, IFNL4	peginterferon alfa-2a, ribavirin	rs12979860
IFNL3, IFNL4	atorvastatin	rs12979860
IFNL3, IFNL4	peginterferon alfa-2a, peginterferon alfa-2b, ribavirin	rs12979860
IFNL3, IFNL4	peginterferon alfa-2a, peginterferon alfa-2b, ribavirin	rs12979860
IFNL3, IFNL4	boceprevir, peginterferon alfa-2a, peginterferon alfa-2b, ribavirin, telaprevir	rs12979860
IFNL3, IFNL4	peginterferon alfa-2a, peginterferon alfa-2b, ribavirin	rs12979860
IFNL3, IFNL4	peginterferon alfa-2a, peginterferon alfa-2b	rs12979860
IFNL3, IFNL4	peginterferon alfa-2a, ribavirin	rs12979860
IFNL3, IFNL4	peginterferon alfa-2a, peginterferon alfa-2b, ribavirin	rs12979860
IFNL3, IFNL4	peginterferon alfa-2a, peginterferon alfa-2b, ribavirin	rs12979860
IFNL3, IFNL4	peginterferon alfa-2a, peginterferon alfa-2b, ribavirin	rs12979860
IFNL3, IFNL4	peginterferon alfa-2a, peginterferon alfa-2b, ribavirin	rs12979860
IFNL3, IFNL4	peginterferon alfa-2a, peginterferon alfa-2b, ribavirin	rs12979860
IFNL3, IFNL4	peginterferon alfa-2b, ribavirin, telaprevir	rs12979860
IFNL3, IFNL4	peginterferon alfa-2a, peginterferon alfa-2b, ribavirin	rs12979860
IFNL3, IFNL4	peginterferon alfa-2a, ribavirin	rs12979860
IFNL3, IFNL4	deleobuvir, faldaprevir	rs12979860
	peginterferon alfa-2b, ribavirin	rs8113007
IFNL3	peginterferon alfa-2b, ribavirin	rs8099917
IFNL3	peginterferon alfa-2b, ribavirin	rs8099917
IFNL3	"""interferon alfa-2a, recombinant"", ""interferon alfa-2b, recombinant"", ""ribavirin"""	rs8099917
IFNL3	peginterferon alfa-2b, ribavirin	rs8099917
IFNL3	peginterferon alfa-2b, ribavirin, telaprevir	rs8099917
IFNL3	peginterferon alfa-2b, ribavirin	rs8099917
IFNL3	peginterferon alfa-2b, ribavirin	rs8099917
IFNL3	peginterferon alfa-2b, ribavirin	rs8099917
IFNL3	peginterferon alfa-2b, ribavirin	rs8099917
IFNL3	peginterferon alfa-2b, ribavirin	rs8099917
IFNL3	peginterferon alfa-2b, ribavirin	rs8099917
IFNL3	interferon alfa-n1, peginterferon alfa-2b, ribavirin	rs8099917
IFNL3	peginterferon alfa-2b, ribavirin	rs8099917
IFNL3	peginterferon alfa-2a, peginterferon alfa-2b, ribavirin, telaprevir	rs8099917
IFNL3	interferons, ribavirin	rs8099917
IFNL3	peginterferon alfa-2b, ribavirin	rs8099917
IFNL3	peginterferon alfa-2a, peginterferon alfa-2b, ribavirin	rs8099917
IFNL3	peginterferon alfa-2b, ribavirin	rs8099917
IFNL3	peginterferon alfa-2b	rs8099917
IFNL3	peginterferon alfa-2a, peginterferon alfa-2b, ribavirin	rs8099917
IFNL3	peginterferon alfa-2b, ribavirin	rs8099917
IFNL3	peginterferon alfa-2a, peginterferon alfa-2b, ribavirin	rs8099917
IFNL3	peginterferon alfa-2a, peginterferon alfa-2b, ribavirin	rs8099917
IFNL3	peginterferon alfa-2a, peginterferon alfa-2b, ribavirin	rs8099917
IFNL3	peginterferon alfa-2a, peginterferon alfa-2b, ribavirin	rs8099917
IFNL3	peginterferon alfa-2a, peginterferon alfa-2b, ribavirin, simeprevir	rs8099917
IFNL3, IFNL4	peginterferon alfa-2a, peginterferon alfa-2b	rs8099917
IFNL3	peginterferon alfa-2b, ribavirin	rs8099917
IFNL3	peginterferon alfa-2b	rs8099917
IFNL3	peginterferon alfa-2a, peginterferon alfa-2b, ribavirin	rs8099917
IFNL3	peginterferon alfa-2a, peginterferon alfa-2b, ribavirin	rs8099917
IFNL3	peginterferon alfa-2b, ribavirin	rs8099917
IFNL3	peginterferon alfa-2a, peginterferon alfa-2b, ribavirin	rs8099917
IFNL3	peginterferon alfa-2a, ribavirin	rs8099917
IFNL3	peginterferon alfa-2a, ribavirin	rs8099917
IFNL3	peginterferon alfa-2a, peginterferon alfa-2b, ribavirin	rs8099917
IFNL3	peginterferon alfa-2a, peginterferon alfa-2b, ribavirin	rs8099917
IFNL3	peginterferon alfa-2a, peginterferon alfa-2b, ribavirin, telaprevir	rs8099917
IFNL3	peginterferon alfa-2a, ribavirin	rs8099917
IFNL3	peginterferon alfa-2a, peginterferon alfa-2b, ribavirin	rs8099917
IFNL3	peginterferon alfa-2b, ribavirin	rs8099917
IFNL3	peginterferon alfa-2a, peginterferon alfa-2b, ribavirin	rs8099917
IFNL3	interferon alfa-n1, peginterferon alfa-2b, ribavirin	rs8099917
IFNL3	peginterferon alfa-2b, ribavirin	rs8099917
IFNL3	"""interferon alfa-2a, recombinant"", ""interferon alfa-2b, recombinant"", ""ribavirin"""	rs8099917
IFNL3	peginterferon alfa-2b, ribavirin	rs7248668
IFNL3	peginterferon alfa-2a, ribavirin	rs7248668
	peginterferon alfa-2b, ribavirin	rs10853728
	peginterferon alfa-2b, ribavirin	rs10853728
COQ8B, ITPKC	Immunoglobulins	rs28493229
CYP2B6	bupropion	rs2279343
CYP2B6	cyclophosphamide	rs2279343
CYP2B6	efavirenz, lamivudine, tenofovir	rs2279343
TGFB1	etanercept	rs1800471
TGFB1	rituximab	rs1800471
TGFB1	rituximab	rs1800470
TGFB1	glatiramer acetate	rs1800469
XRCC1	carboplatin, cisplatin, fluorouracil	rs25487
XRCC1	fluorouracil, leucovorin, oxaliplatin	rs25487
XRCC1	Platinum compounds	rs25487
XRCC1	platinum	rs25487
XRCC1	Platinum compounds	rs25487
XRCC1	cisplatin, radiotherapy	rs25487
XRCC1	Platinum compounds	rs25487
XRCC1	Platinum compounds	rs25487
XRCC1	fluorouracil	rs25487
XRCC1	Platinum compounds	rs1799782
XRCC1	Platinum compounds	rs1799782
XRCC1	Platinum compounds	rs1799782
TOMM40	hmg coa reductase inhibitors	rs2075650
APOE	Selective serotonin reuptake inhibitors	rs405509
APOE	fluvastatin	rs429358
APOE	atorvastatin	rs429358
APOE	hmg coa reductase inhibitors	rs429358
APOE	donepezil, galantamine, rivastigmine	rs429358
APOE	fluvastatin	rs7412
APOE	atorvastatin, pravastatin, simvastatin	rs7412
APOE	rosuvastatin	rs7412
APOE	atorvastatin	rs7412
APOE	fenofibrate	rs7412
APOE	fluvastatin	rs7412
	hmg coa reductase inhibitors	rs445925
APOC1	hmg coa reductase inhibitors	rs4420638
ERCC2	bevacizumab, capecitabine, cisplatin, docetaxel, epirubicin, oxaliplatin, trastuzumab	rs13181
ERCC2	Platinum compounds	rs1052555
ERCC1	bevacizumab, capecitabine, cisplatin, docetaxel, epirubicin, oxaliplatin, trastuzumab	rs11615
ERCC1	cisplatin	rs11615
ERCC1	cisplatin, gemcitabine	rs11615
ERCC1	Platinum compounds	rs11615
ERCC1	Platinum compounds	rs11615
ERCC1	Platinum compounds	rs11615
ERCC1	capecitabine, radiotherapy	rs11615
ERCC1	fluorouracil, leucovorin, oxaliplatin	rs11615
ERCC1	fluorouracil, leucovorin, oxaliplatin	rs3212948
VASP	hydrochlorothiazide	rs10995
ZNF432	budesonide, corticosteroids, fluticasone propionate, fluticasone/salmeterol	rs3752120
FCAR	pravastatin	rs11666735
IL11	escitalopram	rs1126757
	"""diuretics"", ""hydrochlorothiazide"", ""Thiazides, plain"""	rs4815273
OXT	clozapine	rs2740204
SNAP25	methylphenidate	rs3746544
SNAP25	amisulpride	rs8636
ADA	methotrexate	rs244076
MMP9	ulinastatin	rs3918242
MMP9	Antihypertensives, hydralazine, Methyldopa, nifedipine	rs3918242
MMP9	Methyldopa	rs3918242
NCOA3	salbutamol	rs115501901
GNAS	dobutamine	rs62205366
GNAS	cisplatin, fluorouracil	rs7121
CDH4	ziprasidone	rs4925300
CHRNA4	varenicline	rs1044396
GRIK1	topiramate	rs2832407
IFNAR1	glatiramer acetate	rs1012335
SLC19A1	carboplatin, cisplatin, fluorouracil	rs12659
SLC19A1	methotrexate	rs1051266
SLC19A1	methotrexate	rs1051266
SLC19A1	capecitabine, fluorouracil, irinotecan, leucovorin	rs1051266
SLC19A1	folic acid, hydroxychloroquine, methotrexate, sulfasalazine	rs1051266
SLC19A1	methotrexate	rs1051266
SLC19A1	methotrexate	rs1051266
SLC19A1	methotrexate	rs1051266
SLC19A1	methotrexate	rs1051266
COMT	risperidone	rs9606186
COMT	risperidone	rs9606186
COMT	bupropion	rs737865
COMT	risperidone	rs933271
COMT	methadone	rs933271
COMT	quetiapine	rs5993883
COMT	quetiapine	rs6269
COMT	butorphanol	rs6269
COMT	butorphanol	rs4633
COMT	venlafaxine	rs4680
COMT	entacapone	rs4680
COMT	morphine	rs4680
COMT	bupropion	rs4680
COMT	morphine	rs4680
COMT	opioids	rs4680
COMT	nicotine	rs4680
COMT	methylphenidate	rs4680
COMT	remifentanil	rs4680
COMT	morphine	rs4680
COMT	morphine, remifentanil	rs4680
COMT	methylphenidate	rs4680
COMT	methylphenidate	rs4680
COMT	paroxetine	rs4680
COMT	methylphenidate	rs4680
COMT	venlafaxine	rs4680
COMT	oxycodone	rs4680
COMT	fluvoxamine	rs4680
COMT	clozapine	rs4680
COMT	modafinil	rs4680
COMT	bupropion	rs165599
COMT	risperidone	rs165599
PI4KA	antipsychotics	rs165854
MAPK1	antidepressants	rs8136867
ADORA2A	methotrexate	rs5751876
XBP1	Platinum compounds	rs2269577
CACNG2	lithium	rs2284018
NCF4	idarubicin	rs1883112
RAC2	idarubicin	rs13058338
CYP2D6	metoprolol	rs5030655
PACSIN2	azathioprine	rs2413739
PPARA	fenofibrate	rs4253778
	cisplatin, fluorouracil, mitoxantrone	rs715171
	cisplatin, fluorouracil, mitoxantrone	rs5934731
ACE2	captopril	rs2106809
	cisplatin, fluorouracil, mitoxantrone	rs5906072
HTR2C	risperidone	rs3813928
HTR2C	risperidone	rs518147
GRIA3	Selective serotonin reuptake inhibitors, venlafaxine	rs3761555
GRIA3	Selective serotonin reuptake inhibitors, venlafaxine	rs502434
GABRQ	venlafaxine	rs3810651
MECP2	cisplatin, fluorouracil, mitoxantrone	rs17435
MECP2	cisplatin, fluorouracil, mitoxantrone	rs1734787
MECP2	cisplatin, fluorouracil, mitoxantrone	rs1734791
